BRITISH COLUMBIA,BC
DISTRICT COLUMBIA,DC
DISTRICT OF COLUMBIA,DC
N CAROLINA,NC
N DAKOTA,ND
N HAMPSHIRE,NH
N JERSEY,NJ
N MEXICO,NM
N YORK,NY
NEW BRUNSWICK,NB
NEW HAMPSHIRE,NH
NEW JERSEY,NJ
NEW MEXICO,NM
NEW YORK,NY
NO CAROLINA,NC
NO DAKOTA,ND
NORTH CAROLINA,NC
NORTH DAKOTA,ND
NORTHWEST TERRITORIES,NT
NOVA SCOTIA,NS
RHODE ISLAND,RI
ROAD ISLAND,RI
RODE ISLAND,RI
S CAROLINA,SC
S DAKOTA,SD
PRINCE EDWARD ISLAND,IPE
SO CAROLINA,SC
SO DAKOTA,SD
SOUTH CAROLINA,SC
SOUTH DAKOTA,SD
W VIRGINIA,WV
WE VIRGINIA,WV
WEST VIRGINIA,WV
UNITED STATES,US
U S,UNITED STATES
COUNTY ROAD,CR
N W,NW
S W,SW
N E,NE
S E,SE
NO WEST,NW
SO WEST,SW
NO EAST,NE
SO EAST,SE
NORTH WEST,NW
SOUTH WEST,SW
NORTH EAST,NE
SOUTH EAST,SE
NORTH WST,NW
SOUTH WST,SW
NORTH EST,NE
SOUTH EST,SE
